"행정구역별","성별","연령별",2010,2010,2010,2010,2010,2010,2010,2010,2010
"행정구역별","성별","연령별",출생지 유형-계,현재 살고 있는 집,같은 시군구 내 다른 집,다른 시군구-계,다른 시군구-같은 시도,다른 시군구-다른 시도,다른 시군구-미상,기타,미상
"전국","계","합계",47485389,3714259,15556764,27575069,6062819,21441493,70757,639297,0
"전국","계","0~4세",2222158,1005556,765905,435492,170572,264813,107,15205,0
"전국","계","5~9세",2396938,448533,1186559,744252,276924,466598,730,17594,0
"전국","계","10~14세",3174761,416369,1607031,1137506,392709,743459,1338,13855,0
"전국","계","15~19세",3343787,304716,1593436,1430244,440654,980881,8709,15391,0
"전국","계","20~24세",2635774,155358,1037853,1404869,355822,1042061,6986,37694,0
"전국","계","25~29세",3516976,164402,1255651,2056013,494324,1557162,4527,40910,0
"전국","계","30~34세",3700034,123493,1139972,2399427,532194,1864671,2562,37142,0
"전국","계","35~39세",4105199,125799,1148680,2792600,574720,2215643,2237,38120,0
"전국","계","40~44세",4134529,143071,1024972,2935441,553258,2379259,2924,31045,0
"전국","계","45~49세",4075174,147405,945853,2957122,535229,2418577,3316,24794,0
"전국","계","50~54세",3799499,141589,908499,2731800,492199,2235778,3823,17611,0
"전국","계","55~59세",2769437,105483,688835,1962153,344071,1615053,3029,12966,0
"전국","계","60~64세",2184347,96665,564042,1486200,261697,1221991,2512,37440,0
"전국","계","65~69세",1812961,93551,503215,1126907,208985,914938,2984,89288,0
"전국","계","70~74세",1566424,101879,487180,898632,186125,708141,4366,78733,0
"전국","계","75세 이상",2047391,140390,699081,1076411,243336,812468,20607,131509,0
"전국","남자","합계",23248887,2149114,7733292,13122552,2872120,10216243,34189,243929,0
"전국","남자","0~4세",1150966,520659,396112,226346,88712,137578,56,7849,0
"전국","남자","5~9세",1248839,233068,620631,386199,144839,240948,412,8941,0
"전국","남자","10~14세",1654742,220642,840995,585855,203332,381760,763,7250,0
"전국","남자","15~19세",1734322,164113,837210,726806,225582,496310,4914,6193,0
"전국","남자","20~24세",1183912,77393,477281,622707,158312,460543,3852,6531,0
"전국","남자","25~29세",1761368,96104,643682,1013302,243283,766861,3158,8280,0
"전국","남자","30~34세",1853863,75536,591046,1178473,261460,915166,1847,8808,0
"전국","남자","35~39세",2052174,78542,595959,1368873,281942,1085354,1577,8800,0
"전국","남자","40~44세",2064305,88810,540472,1427583,271620,1154013,1950,7440,0
"전국","남자","45~49세",2033953,99405,499857,1428303,259152,1166945,2206,6388,0
"전국","남자","50~54세",1886878,101387,469992,1310799,233793,1074532,2474,4700,0
"전국","남자","55~59세",1359554,78189,342059,934837,160574,772321,1942,4469,0
"전국","남자","60~64세",1058726,74333,268814,697359,117608,578242,1509,18220,0
"전국","남자","65~69세",835899,69438,214664,507256,85574,420127,1555,44541,0
"전국","남자","70~74세",677955,76570,189166,375800,69276,304800,1724,36419,0
"전국","남자","75세 이상",691431,94925,205352,332054,67061,260743,4250,59100,0
"전국","여자","합계",24236502,1565145,7823472,14452517,3190699,11225250,36568,395368,0
"전국","여자","0~4세",1071192,484897,369793,209146,81860,127235,51,7356,0
"전국","여자","5~9세",1148099,215465,565928,358053,132085,225650,318,8653,0
"전국","여자","10~14세",1520019,195727,766036,551651,189377,361699,575,6605,0
"전국","여자","15~19세",1609465,140603,756226,703438,215072,484571,3795,9198,0
"전국","여자","20~24세",1451862,77965,560572,782162,197510,581518,3134,31163,0
"전국","여자","25~29세",1755608,68298,611969,1042711,251041,790301,1369,32630,0
"전국","여자","30~34세",1846171,47957,548926,1220954,270734,949505,715,28334,0
"전국","여자","35~39세",2053025,47257,552721,1423727,292778,1130289,660,29320,0
"전국","여자","40~44세",2070224,54261,484500,1507858,281638,1225246,974,23605,0
"전국","여자","45~49세",2041221,48000,445996,1528819,276077,1251632,1110,18406,0
"전국","여자","50~54세",1912621,40202,438507,1421001,258406,1161246,1349,12911,0
"전국","여자","55~59세",1409883,27294,346776,1027316,183497,842732,1087,8497,0
"전국","여자","60~64세",1125621,22332,295228,788841,144089,643749,1003,19220,0
"전국","여자","65~69세",977062,24113,288551,619651,123411,494811,1429,44747,0
"전국","여자","70~74세",888469,25309,298014,522832,116849,403341,2642,42314,0
"전국","여자","75세 이상",1355960,45465,493729,744357,176275,551725,16357,72409,0
"동부","계","합계",38966269,2459024,12262541,23721928,4853346,18821590,46992,522776,0
"동부","계","0~4세",1841034,824971,663731,338869,131637,207138,94,13463,0
"동부","계","5~9세",1992436,345144,1034874,596327,219921,375795,611,16091,0
"동부","계","10~14세",2670086,302879,1411311,943372,323504,618797,1071,12524,0
"동부","계","15~19세",2845907,222625,1416427,1193619,371535,816776,5308,13236,0
"동부","계","20~24세",2291142,106075,938854,1219515,312602,902171,4742,26698,0
"동부","계","25~29세",3071006,104830,1125078,1811156,431894,1376231,3031,29942,0
"동부","계","30~34세",3178050,76760,988506,2083766,449703,1632472,1591,29018,0
"동부","계","35~39세",3488567,75203,962512,2420001,475039,1943623,1339,30851,0
"동부","계","40~44세",3512539,85157,828115,2573686,454369,2117566,1751,25581,0
"동부","계","45~49세",3427991,83477,719515,2604374,432987,2169436,1951,20625,0
"동부","계","50~54세",3136091,70619,653477,2396809,390971,2003585,2253,15186,0
"동부","계","55~59세",2214828,43157,451823,1708876,261793,1445301,1782,10972,0
"동부","계","60~64세",1675612,33048,332539,1278347,190185,1086606,1556,31678,0
"동부","계","65~69세",1308258,27866,255253,951237,142150,807143,1944,73902,0
"동부","계","70~74세",1037128,24965,208685,739245,118311,617859,3075,64233,0
"동부","계","75세 이상",1275594,32248,271841,862729,146745,701091,14893,108776,0
"동부","남자","합계",19091033,1303501,6203146,11378714,2353191,9002990,22533,205672,0
"동부","남자","0~4세",953999,427007,344211,175795,68324,107423,48,6986,0
"동부","남자","5~9세",1037627,179028,541519,308784,114458,193988,338,8296,0
"동부","남자","10~14세",1392842,160492,739603,486148,167694,317858,596,6599,0
"동부","남자","15~19세",1474146,119731,741835,607077,190346,413714,3017,5503,0
"동부","남자","20~24세",1018005,50966,427338,534228,138276,393218,2734,5473,0
"동부","남자","25~29세",1524141,58933,573258,885196,212605,670382,2209,6754,0
"동부","남자","30~34세",1584644,43315,509728,1024318,221887,801247,1184,7283,0
"동부","남자","35~39세",1726796,40853,491970,1186323,232959,952380,984,7650,0
"동부","남자","40~44세",1731122,44001,426693,1253919,223733,1028977,1209,6509,0
"동부","남자","45~49세",1694600,47859,373257,1267934,212638,1053961,1335,5550,0
"동부","남자","50~54세",1549909,41723,338199,1165872,191271,973084,1517,4115,0
"동부","남자","55~59세",1088130,25740,230187,828492,127982,699352,1158,3711,0
"동부","남자","60~64세",814277,19692,166303,612858,91330,520583,945,15424,0
"동부","남자","65~69세",614709,15411,120362,442089,64154,376945,990,36847,0
"동부","남자","70~74세",457582,14142,91258,322450,49891,271375,1184,29732,0
"동부","남자","75세 이상",428504,14608,87425,277231,45643,228503,3085,49240,0
"동부","여자","합계",19875236,1155523,6059395,12343214,2500155,9818600,24459,317104,0
"동부","여자","0~4세",887035,397964,319520,163074,63313,99715,46,6477,0
"동부","여자","5~9세",954809,166116,493355,287543,105463,181807,273,7795,0
"동부","여자","10~14세",1277244,142387,671708,457224,155810,300939,475,5925,0
"동부","여자","15~19세",1371761,102894,674592,586542,181189,403062,2291,7733,0
"동부","여자","20~24세",1273137,55109,511516,685287,174326,508953,2008,21225,0
"동부","여자","25~29세",1546865,45897,551820,925960,219289,705849,822,23188,0
"동부","여자","30~34세",1593406,33445,478778,1059448,227816,831225,407,21735,0
"동부","여자","35~39세",1761771,34350,470542,1233678,242080,991243,355,23201,0
"동부","여자","40~44세",1781417,41156,401422,1319767,230636,1088589,542,19072,0
"동부","여자","45~49세",1733391,35618,346258,1336440,220349,1115475,616,15075,0
"동부","여자","50~54세",1586182,28896,315278,1230937,199700,1030501,736,11071,0
"동부","여자","55~59세",1126698,17417,221636,880384,133811,745949,624,7261,0
"동부","여자","60~64세",861335,13356,166236,665489,98855,566023,611,16254,0
"동부","여자","65~69세",693549,12455,134891,509148,77996,430198,954,37055,0
"동부","여자","70~74세",579546,10823,117427,416795,68420,346484,1891,34501,0
"동부","여자","75세 이상",847090,17640,184416,585498,101102,472588,11808,59536,0
"읍부","계","합계",4104580,435971,1547751,2070373,602829,1460333,7211,50485,0
"읍부","계","0~4세",233896,104635,68613,59600,25259,34339,2,1048,0
"읍부","계","5~9세",243339,51691,101366,89384,35013,54323,48,898,0
"읍부","계","10~14세",291543,49981,126782,113985,41394,72491,100,795,0
"읍부","계","15~19세",276582,33047,113224,129409,39189,88793,1427,902,0
"읍부","계","20~24세",177397,16101,58134,99100,25603,72634,863,4062,0
"읍부","계","25~29세",245799,18702,79235,143333,37369,105395,569,4529,0
"읍부","계","30~34세",313315,16199,94662,198535,49658,148541,336,3919,0
"읍부","계","35~39세",369379,17017,114334,234922,58857,175826,239,3106,0
"읍부","계","40~44세",352828,19076,112391,218778,55239,163251,288,2583,0
"읍부","계","45~49세",330921,19245,115061,194580,52066,142229,285,2035,0
"읍부","계","50~54세",298106,17696,109898,169363,47451,121550,362,1149,0
"읍부","계","55~59세",223230,13590,92814,116056,33851,81906,299,770,0
"읍부","계","60~64세",188866,13333,81179,91538,27104,64213,221,2816,0
"읍부","계","65~69세",170327,12565,78393,72900,23294,49332,274,6469,0
"읍부","계","70~74세",163400,14151,80306,62849,22397,40109,343,6094,0
"읍부","계","75세 이상",225652,18942,121359,76041,29085,45401,1555,9310,0
"읍부","남자","합계",2031255,263321,774311,977025,280653,692782,3590,16598,0
"읍부","남자","0~4세",120949,54721,34412,31303,13208,18093,2,513,0
"읍부","남자","5~9세",126886,27274,52498,46728,18775,27927,26,386,0
"읍부","남자","10~14세",151382,27051,65769,58184,21330,36797,57,378,0
"읍부","남자","15~19세",143419,17882,60890,64385,19497,44141,747,262,0
"읍부","남자","20~24세",83295,8213,29032,45697,11474,33836,387,353,0
"읍부","남자","25~29세",124417,11142,41481,71216,17899,52993,324,578,0
"읍부","남자","30~34세",156195,10215,49647,95655,24006,71384,265,678,0
"읍부","남자","35~39세",190459,11233,62784,116012,29647,86198,167,430,0
"읍부","남자","40~44세",186346,13164,64951,107828,27724,79908,196,403,0
"읍부","남자","45~49세",174138,14188,65853,93704,25426,68088,190,393,0
"읍부","남자","50~54세",153538,13939,60202,79178,22248,56686,244,219,0
"읍부","남자","55~59세",110079,10524,47019,52249,14780,37267,202,287,0
"읍부","남자","60~64세",90764,10744,38733,39931,10773,29021,137,1356,0
"읍부","남자","65~69세",75747,9594,33635,29347,8581,20607,159,3171,0
"읍부","남자","70~74세",68363,10766,31167,23472,7662,15657,153,2958,0
"읍부","남자","75세 이상",75278,12671,36238,22136,7623,14179,334,4233,0
"읍부","여자","합계",2073325,172650,773440,1093348,322176,767551,3621,33887,0
"읍부","여자","0~4세",112947,49914,34201,28297,12051,16246,0,535,0
"읍부","여자","5~9세",116453,24417,48868,42656,16238,26396,22,512,0
"읍부","여자","10~14세",140161,22930,61013,55801,20064,35694,43,417,0
"읍부","여자","15~19세",133163,15165,52334,65024,19692,44652,680,640,0
"읍부","여자","20~24세",94102,7888,29102,53403,14129,38798,476,3709,0
"읍부","여자","25~29세",121382,7560,37754,72117,19470,52402,245,3951,0
"읍부","여자","30~34세",157120,5984,45015,102880,25652,77157,71,3241,0
"읍부","여자","35~39세",178920,5784,51550,118910,29210,89628,72,2676,0
"읍부","여자","40~44세",166482,5912,47440,110950,27515,83343,92,2180,0
"읍부","여자","45~49세",156783,5057,49208,100876,26640,74141,95,1642,0
"읍부","여자","50~54세",144568,3757,49696,90185,25203,64864,118,930,0
"읍부","여자","55~59세",113151,3066,45795,63807,19071,44639,97,483,0
"읍부","여자","60~64세",98102,2589,42446,51607,16331,35192,84,1460,0
"읍부","여자","65~69세",94580,2971,44758,43553,14713,28725,115,3298,0
"읍부","여자","70~74세",95037,3385,49139,39377,14735,24452,190,3136,0
"읍부","여자","75세 이상",150374,6271,85121,53905,21462,31222,1221,5077,0
"면부","계","합계",4414540,819264,1746472,1782768,606644,1159570,16554,66036,0
"면부","계","0~4세",147228,75950,33561,37023,13676,23336,11,694,0
"면부","계","5~9세",161163,51698,50319,58541,21990,36480,71,605,0
"면부","계","10~14세",213132,63509,68938,80149,27811,52171,167,536,0
"면부","계","15~19세",221298,49044,63785,107216,29930,75312,1974,1253,0
"면부","계","20~24세",167235,33182,40865,86254,17617,67256,1381,6934,0
"면부","계","25~29세",200171,40870,51338,101524,25061,75536,927,6439,0
"면부","계","30~34세",208669,30534,56804,117126,32833,83658,635,4205,0
"면부","계","35~39세",247253,33579,71834,137677,40824,96194,659,4163,0
"면부","계","40~44세",269162,38838,84466,142977,43650,98442,885,2881,0
"면부","계","45~49세",316262,44683,111277,158168,50176,106912,1080,2134,0
"면부","계","50~54세",365302,53274,145124,165628,53777,110643,1208,1276,0
"면부","계","55~59세",331379,48736,144198,137221,48427,87846,948,1224,0
"면부","계","60~64세",319869,50284,150324,116315,44408,71172,735,2946,0
"면부","계","65~69세",334376,53120,169569,102770,43541,58463,766,8917,0
"면부","계","70~74세",365896,62763,198189,96538,45417,50173,948,8406,0
"면부","계","75세 이상",546145,89200,305881,137641,67506,65976,4159,13423,0
"면부","남자","합계",2126599,582292,755835,766813,238276,520471,8066,21659,0
"면부","남자","0~4세",76018,38931,17489,19248,7180,12062,6,350,0
"면부","남자","5~9세",84326,26766,26614,30687,11606,19033,48,259,0
"면부","남자","10~14세",110518,33099,35623,41523,14308,27105,110,273,0
"면부","남자","15~19세",116757,26500,34485,55344,15739,38455,1150,428,0
"면부","남자","20~24세",82612,18214,20911,42782,8562,33489,731,705,0
"면부","남자","25~29세",112810,26029,28943,56890,12779,43486,625,948,0
"면부","남자","30~34세",113024,22006,31671,58500,15567,42535,398,847,0
"면부","남자","35~39세",134919,26456,41205,66538,19336,46776,426,720,0
"면부","남자","40~44세",146837,31645,48828,65836,20163,45128,545,528,0
"면부","남자","45~49세",165215,37358,60747,66665,21088,44896,681,445,0
"면부","남자","50~54세",183431,45725,71591,65749,20274,44762,713,366,0
"면부","남자","55~59세",161345,41925,64853,54096,17812,35702,582,471,0
"면부","남자","60~64세",153685,43897,63778,44570,15505,28638,427,1440,0
"면부","남자","65~69세",145443,44433,60667,35820,12839,22575,406,4523,0
"면부","남자","70~74세",152010,51662,66741,29878,11723,17768,387,3729,0
"면부","남자","75세 이상",187649,67646,81689,32687,13795,18061,831,5627,0
"면부","여자","합계",2287941,236972,990637,1015955,368368,639099,8488,44377,0
"면부","여자","0~4세",71210,37019,16072,17775,6496,11274,5,344,0
"면부","여자","5~9세",76837,24932,23705,27854,10384,17447,23,346,0
"면부","여자","10~14세",102614,30410,33315,38626,13503,25066,57,263,0
"면부","여자","15~19세",104541,22544,29300,51872,14191,36857,824,825,0
"면부","여자","20~24세",84623,14968,19954,43472,9055,33767,650,6229,0
"면부","여자","25~29세",87361,14841,22395,44634,12282,32050,302,5491,0
"면부","여자","30~34세",95645,8528,25133,58626,17266,41123,237,3358,0
"면부","여자","35~39세",112334,7123,30629,71139,21488,49418,233,3443,0
"면부","여자","40~44세",122325,7193,35638,77141,23487,53314,340,2353,0
"면부","여자","45~49세",151047,7325,50530,91503,29088,62016,399,1689,0
"면부","여자","50~54세",181871,7549,73533,99879,33503,65881,495,910,0
"면부","여자","55~59세",170034,6811,79345,83125,30615,52144,366,753,0
"면부","여자","60~64세",166184,6387,86546,71745,28903,42534,308,1506,0
"면부","여자","65~69세",188933,8687,108902,66950,30702,35888,360,4394,0
"면부","여자","70~74세",213886,11101,131448,66660,33694,32405,561,4677,0
"면부","여자","75세 이상",358496,21554,224192,104954,53711,47915,3328,7796,0
"서울특별시","계","합계",9550206,519088,2815965,6041222,1103572,4928809,8841,173931,0
"서울특별시","계","0~4세",399196,183823,145609,64432,31094,33302,36,5332,0
"서울특별시","계","5~9세",412919,66334,225294,114639,51842,62593,204,6652,0
"서울특별시","계","10~14세",546417,52576,305289,183063,76183,106564,316,5489,0
"서울특별시","계","15~19세",622413,45950,330757,240248,100273,138883,1092,5458,0
"서울특별시","계","20~24세",601561,26462,255663,311743,96199,213681,1863,7693,0
"서울특별시","계","25~29세",896966,27093,328787,532084,147975,383004,1105,9002,0
"서울특별시","계","30~34세",860532,19600,287562,544077,144133,399488,456,9293,0
"서울특별시","계","35~39세",853474,17205,262968,563625,127244,435989,392,9676,0
"서울특별시","계","40~44세",799020,16421,185755,588034,89956,497719,359,8810,0
"서울특별시","계","45~49세",785791,16016,134608,626938,65239,561388,311,8229,0
"서울특별시","계","50~54세",778773,15057,118530,638007,61595,576090,322,7179,0
"서울특별시","계","55~59세",593822,9150,72715,506972,36198,470544,230,4985,0
"서울특별시","계","60~64세",469667,7304,55610,395231,29172,365889,170,11522,0
"서울특별시","계","65~69세",362538,6088,41820,293661,19197,274258,206,20969,0
"서울특별시","계","70~74세",263912,4467,30024,211447,13445,197714,288,17974,0
"서울특별시","계","75세 이상",303205,5542,34974,227021,13827,211703,1491,35668,0
"서울특별시","남자","합계",4623318,268167,1413130,2868594,538722,2324925,4947,73427,0
"서울특별시","남자","0~4세",206507,94153,75927,33622,16509,17094,19,2805,0
"서울특별시","남자","5~9세",213537,34224,117206,58800,26334,32353,113,3307,0
"서울특별시","남자","10~14세",284075,27985,159280,94018,39217,54620,181,2792,0
"서울특별시","남자","15~19세",316867,24402,170737,119424,50959,67859,606,2304,0
"서울특별시","남자","20~24세",252626,12682,112012,125493,41592,82869,1032,2439,0
"서울특별시","남자","25~29세",431658,14680,165893,248248,71852,175617,779,2837,0
"서울특별시","남자","30~34세",431057,11069,149058,267961,71243,196368,350,2969,0
"서울특별시","남자","35~39세",428647,9039,135884,280688,64392,215990,306,3036,0
"서울특별시","남자","40~44세",394843,8088,94923,288989,44219,244481,289,2843,0
"서울특별시","남자","45~49세",377782,8355,66322,300510,31291,268977,242,2595,0
"서울특별시","남자","50~54세",370261,8088,57574,302580,28944,273410,226,2019,0
"서울특별시","남자","55~59세",284171,4498,34873,243240,17655,225426,159,1560,0
"서울특별시","남자","60~64세",225114,3689,27233,188647,14099,174436,112,5545,0
"서울특별시","남자","65~69세",176479,2917,20460,142330,9412,132800,118,10772,0
"서울특별시","남자","70~74세",121501,2233,13641,96730,6125,90501,104,8897,0
"서울특별시","남자","75세 이상",108193,2065,12107,77314,4879,72124,311,16707,0
"서울특별시","여자","합계",4926888,250921,1402835,3172628,564850,2603884,3894,100504,0
"서울특별시","여자","0~4세",192689,89670,69682,30810,14585,16208,17,2527,0
"서울특별시","여자","5~9세",199382,32110,108088,55839,25508,30240,91,3345,0
"서울특별시","여자","10~14세",262342,24591,146009,89045,36966,51944,135,2697,0
"서울특별시","여자","15~19세",305546,21548,160020,120824,49314,71024,486,3154,0
"서울특별시","여자","20~24세",348935,13780,143651,186250,54607,130812,831,5254,0
"서울특별시","여자","25~29세",465308,12413,162894,283836,76123,207387,326,6165,0
"서울특별시","여자","30~34세",429475,8531,138504,276116,72890,203120,106,6324,0
"서울특별시","여자","35~39세",424827,8166,127084,282937,62852,219999,86,6640,0
"서울특별시","여자","40~44세",404177,8333,90832,299045,45737,253238,70,5967,0
"서울특별시","여자","45~49세",408009,7661,68286,326428,33948,292411,69,5634,0
"서울특별시","여자","50~54세",408512,6969,60956,335427,32651,302680,96,5160,0
"서울특별시","여자","55~59세",309651,4652,37842,263732,18543,245118,71,3425,0
"서울특별시","여자","60~64세",244553,3615,28377,206584,15073,191453,58,5977,0
"서울특별시","여자","65~69세",186059,3171,21360,151331,9785,141458,88,10197,0
"서울특별시","여자","70~74세",142411,2234,16383,114717,7320,107213,184,9077,0
"서울특별시","여자","75세 이상",195012,3477,22867,149707,8948,139579,1180,18961,0
"부산광역시","계","합계",3352257,206452,1332719,1763802,261457,1495728,6617,49284,0
"부산광역시","계","0~4세",124521,56175,51619,16043,7235,8806,2,684,0
"부산광역시","계","5~9세",139230,26279,84150,27903,11235,16438,230,898,0
"부산광역시","계","10~14세",199115,24825,127534,46190,19509,26531,150,566,0
"부산광역시","계","15~19세",233867,19817,148276,64960,25319,39197,444,814,0
"부산광역시","계","20~24세",196735,11366,116297,67350,20975,46255,120,1722,0
"부산광역시","계","25~29세",245857,12501,143639,88077,28598,59356,123,1640,0
"부산광역시","계","30~34세",240019,8745,129051,100806,28160,72528,118,1417,0
"부산광역시","계","35~39세",256872,7498,116471,131576,27385,104036,155,1327,0
"부산광역시","계","40~44세",271891,8035,97673,165228,22192,142765,271,955,0
"부산광역시","계","45~49세",293193,7508,81164,203671,18892,184459,320,850,0
"부산광역시","계","50~54세",312201,7300,78994,225388,19460,205457,471,519,0
"부산광역시","계","55~59세",248665,4622,57555,186021,13164,172464,393,467,0
"부산광역시","계","60~64세",192922,3404,36155,150982,7715,142984,283,2381,0
"부산광역시","계","65~69세",149218,3090,24057,108508,4327,103803,378,13563,0
"부산광역시","계","70~74세",115201,2492,17651,84700,3460,80693,547,10358,0
"부산광역시","계","75세 이상",132750,2795,22433,96399,3831,89956,2612,11123,0
"부산광역시","남자","합계",1620220,111396,665447,823551,127621,693231,2699,19826,0
"부산광역시","남자","0~4세",64940,29221,26862,8515,3879,4636,0,342,0
"부산광역시","남자","5~9세",72473,13900,43906,14229,5737,8372,120,438,0
"부산광역시","남자","10~14세",106298,13467,68302,24254,10199,14012,43,275,0
"부산광역시","남자","15~19세",122925,11076,79103,32418,12896,19285,237,328,0
"부산광역시","남자","20~24세",89241,5654,53139,30257,9283,20915,59,191,0
"부산광역시","남자","25~29세",123453,7040,72740,43424,13886,29477,61,249,0
"부산광역시","남자","30~34세",118788,5056,64934,48470,13716,34692,62,328,0
"부산광역시","남자","35~39세",127422,4214,58708,64216,13597,50524,95,284,0
"부산광역시","남자","40~44세",131039,4447,48579,77847,11085,66595,167,166,0
"부산광역시","남자","45~49세",138032,4199,39073,94573,9047,85316,210,187,0
"부산광역시","남자","50~54세",148767,4424,39171,104988,9504,95174,310,184,0
"부산광역시","남자","55~59세",119301,2835,28440,87844,6477,81102,265,182,0
"부산광역시","남자","60~64세",92674,1919,17287,72288,3637,68480,171,1180,0
"부산광역시","남자","65~69세",71173,1578,11232,51944,2108,49639,197,6419,0
"부산광역시","남자","70~74세",50891,1362,7146,38094,1445,36445,204,4289,0
"부산광역시","남자","75세 이상",42803,1004,6825,30190,1125,28567,498,4784,0
"부산광역시","여자","합계",1732037,95056,667272,940251,133836,802497,3918,29458,0
"부산광역시","여자","0~4세",59581,26954,24757,7528,3356,4170,2,342,0
"부산광역시","여자","5~9세",66757,12379,40244,13674,5498,8066,110,460,0
"부산광역시","여자","10~14세",92817,11358,59232,21936,9310,12519,107,291,0
"부산광역시","여자","15~19세",110942,8741,69173,32542,12423,19912,207,486,0
"부산광역시","여자","20~24세",107494,5712,63158,37093,11692,25340,61,1531,0
"부산광역시","여자","25~29세",122404,5461,70899,44653,14712,29879,62,1391,0
"부산광역시","여자","30~34세",121231,3689,64117,52336,14444,37836,56,1089,0
"부산광역시","여자","35~39세",129450,3284,57763,67360,13788,53512,60,1043,0
"부산광역시","여자","40~44세",140852,3588,49094,87381,11107,76170,104,789,0
"부산광역시","여자","45~49세",155161,3309,42091,109098,9845,99143,110,663,0
"부산광역시","여자","50~54세",163434,2876,39823,120400,9956,110283,161,335,0
"부산광역시","여자","55~59세",129364,1787,29115,98177,6687,91362,128,285,0
"부산광역시","여자","60~64세",100248,1485,18868,78694,4078,74504,112,1201,0
"부산광역시","여자","65~69세",78045,1512,12825,56564,2219,54164,181,7144,0
"부산광역시","여자","70~74세",64310,1130,10505,46606,2015,44248,343,6069,0
"부산광역시","여자","75세 이상",89947,1791,15608,66209,2706,61389,2114,6339,0
"대구광역시","계","합계",2399159,151253,960269,1264973,164519,1098875,1579,22664,0
"대구광역시","계","0~4세",101724,46947,42432,11878,4432,7446,0,467,0
"대구광역시","계","5~9세",118779,22359,72819,23112,8726,14374,12,489,0
"대구광역시","계","10~14세",167851,18752,108368,40294,14954,25312,28,437,0
"대구광역시","계","15~19세",179245,13439,114159,51213,16719,34392,102,434,0
"대구광역시","계","20~24세",138441,6618,77617,52754,12825,39854,75,1452,0
"대구광역시","계","25~29세",167939,6562,89451,70763,16136,54574,53,1163,0
"대구광역시","계","30~34세",174284,4751,78242,90316,15270,75005,41,975,0
"대구광역시","계","35~39세",201619,4420,75107,121036,15714,105260,62,1056,0
"대구광역시","계","40~44세",217418,5720,66979,143886,13332,130478,76,833,0
"대구광역시","계","45~49세",218870,5587,58702,154209,11589,142509,111,372,0
"대구광역시","계","50~54세",200041,4933,53388,141440,11135,130154,151,280,0
"대구광역시","계","55~59세",148273,2940,36835,108310,8052,100139,119,188,0
"대구광역시","계","60~64세",113144,2242,27605,82619,5684,76844,91,678,0
"대구광역시","계","65~69세",89501,1763,20360,61975,3443,58426,106,5403,0
"대구광역시","계","70~74세",74179,1750,16712,51445,3141,48198,106,4272,0
"대구광역시","계","75세 이상",87851,2470,21493,59723,3367,55910,446,4165,0
"대구광역시","남자","합계",1169727,82400,489129,589640,81119,507772,749,8558,0
"대구광역시","남자","0~4세",53280,24433,22379,6169,2424,3745,0,299,0
"대구광역시","남자","5~9세",62410,11875,38192,12051,4509,7533,9,292,0
"대구광역시","남자","10~14세",89913,9954,58377,21412,8086,13312,14,170,0
"대구광역시","남자","15~19세",95864,7497,62283,25936,8829,17050,57,148,0
"대구광역시","남자","20~24세",66172,3828,37675,24512,6158,18318,36,157,0
"대구광역시","남자","25~29세",82511,3824,45815,32712,7813,24867,32,160,0
"대구광역시","남자","30~34세",85567,2820,40194,42309,7166,35114,29,244,0
"대구광역시","남자","35~39세",97688,2274,38342,56881,7638,49202,41,191,0
"대구광역시","남자","40~44세",105424,3000,34016,68147,6541,61560,46,261,0
"대구광역시","남자","45~49세",105671,3203,29323,73085,5491,67530,64,60,0
"대구광역시","남자","50~54세",97680,2953,27366,67303,5668,61544,91,58,0
"대구광역시","남자","55~59세",71224,1782,18215,51167,4112,46983,72,60,0
"대구광역시","남자","60~64세",54730,1413,13879,39126,2829,36241,56,312,0
"대구광역시","남자","65~69세",39846,1055,8981,27359,1527,25772,60,2451,0
"대구광역시","남자","70~74세",32638,1083,7412,22269,1295,20922,52,1874,0
"대구광역시","남자","75세 이상",29109,1406,6680,19202,1033,18079,90,1821,0
"대구광역시","여자","합계",1229432,68853,471140,675333,83400,591103,830,14106,0
"대구광역시","여자","0~4세",48444,22514,20053,5709,2008,3701,0,168,0
"대구광역시","여자","5~9세",56369,10484,34627,11061,4217,6841,3,197,0
"대구광역시","여자","10~14세",77938,8798,49991,18882,6868,12000,14,267,0
"대구광역시","여자","15~19세",83381,5942,51876,25277,7890,17342,45,286,0
"대구광역시","여자","20~24세",72269,2790,39942,28242,6667,21536,39,1295,0
"대구광역시","여자","25~29세",85428,2738,43636,38051,8323,29707,21,1003,0
"대구광역시","여자","30~34세",88717,1931,38048,48007,8104,39891,12,731,0
"대구광역시","여자","35~39세",103931,2146,36765,64155,8076,56058,21,865,0
"대구광역시","여자","40~44세",111994,2720,32963,75739,6791,68918,30,572,0
"대구광역시","여자","45~49세",113199,2384,29379,81124,6098,74979,47,312,0
"대구광역시","여자","50~54세",102361,1980,26022,74137,5467,68610,60,222,0
"대구광역시","여자","55~59세",77049,1158,18620,57143,3940,53156,47,128,0
"대구광역시","여자","60~64세",58414,829,13726,43493,2855,40603,35,366,0
"대구광역시","여자","65~69세",49655,708,11379,34616,1916,32654,46,2952,0
"대구광역시","여자","70~74세",41541,667,9300,29176,1846,27276,54,2398,0
"대구광역시","여자","75세 이상",58742,1064,14813,40521,2334,37831,356,2344,0
"인천광역시","계","합계",2603780,164728,792946,1597400,128529,1466017,2854,48706,0
"인천광역시","계","0~4세",125566,53252,46584,25040,5427,19613,0,690,0
"인천광역시","계","5~9세",133445,21667,70111,40949,7692,33233,24,718,0
"인천광역시","계","10~14세",178475,20776,96377,60727,11096,49552,79,595,0
"인천광역시","계","15~19세",193077,16533,101226,74566,13496,60890,180,752,0
"인천광역시","계","20~24세",148942,7633,64428,74889,9888,64945,56,1992,0
"인천광역시","계","25~29세",199304,6367,74165,116397,12446,103898,53,2375,0
"인천광역시","계","30~34세",208261,4782,57395,143246,11271,131913,62,2838,0
"인천광역시","계","35~39세",233045,4634,55062,170293,10226,160020,47,3056,0
"인천광역시","계","40~44세",240602,5521,46961,185745,9929,175752,64,2375,0
"인천광역시","계","45~49세",248899,6156,44950,196198,9632,186484,82,1595,0
"인천광역시","계","50~54세",217946,4966,41599,170522,9285,161169,68,859,0
"인천광역시","계","55~59세",140156,3076,27361,108644,5888,102681,75,1075,0
"인천광역시","계","60~64세",103768,2658,21209,75406,4224,71084,98,4495,0
"인천광역시","계","65~69세",79986,1971,16040,55939,2937,52837,165,6036,0
"인천광역시","계","70~74세",65649,2003,12435,44718,2431,41997,290,6493,0
"인천광역시","계","75세 이상",86659,2733,17043,54121,2661,49949,1511,12762,0
"인천광역시","남자","합계",1282431,87845,399279,775663,63355,711261,1047,19644,0
"인천광역시","남자","0~4세",64759,27603,24006,12795,2870,9925,0,355,0
"인천광역시","남자","5~9세",69214,11021,36066,21718,3948,17755,15,409,0
"인천광역시","남자","10~14세",92385,11244,49354,31384,5636,25704,44,403,0
"인천광역시","남자","15~19세",99486,8757,52494,37921,6927,30875,119,314,0
"인천광역시","남자","20~24세",65416,3486,28520,32960,4319,28601,40,450,0
"인천광역시","남자","25~29세",99698,3480,37233,58367,6162,52163,42,618,0
"인천광역시","남자","30~34세",106031,2796,30677,71796,5591,66167,38,762,0
"인천광역시","남자","35~39세",117506,2612,28996,85083,5265,79784,34,815,0
"인천광역시","남자","40~44세",116938,2839,24114,89374,4802,84537,35,611,0
"인천광역시","남자","45~49세",125555,3559,23482,98105,4603,93450,52,409,0
"인천광역시","남자","50~54세",110251,2935,21558,85534,4752,80742,40,224,0
"인천광역시","남자","55~59세",70626,1861,14181,54169,3111,51013,45,415,0
"인천광역시","남자","60~64세",51067,1820,10185,36758,2071,34623,64,2304,0
"인천광역시","남자","65~69세",37288,1325,7645,25302,1278,23950,74,3016,0
"인천광역시","남자","70~74세",27900,1191,5393,18263,1097,17051,115,3053,0
"인천광역시","남자","75세 이상",28311,1316,5375,16134,923,14921,290,5486,0
"인천광역시","여자","합계",1321349,76883,393667,821737,65174,754756,1807,29062,0
"인천광역시","여자","0~4세",60807,25649,22578,12245,2557,9688,0,335,0
"인천광역시","여자","5~9세",64231,10646,34045,19231,3744,15478,9,309,0
"인천광역시","여자","10~14세",86090,9532,47023,29343,5460,23848,35,192,0
"인천광역시","여자","15~19세",93591,7776,48732,36645,6569,30015,61,438,0
"인천광역시","여자","20~24세",83526,4147,35908,41929,5569,36344,16,1542,0
"인천광역시","여자","25~29세",99606,2887,36932,58030,6284,51735,11,1757,0
"인천광역시","여자","30~34세",102230,1986,26718,71450,5680,65746,24,2076,0
"인천광역시","여자","35~39세",115539,2022,26066,85210,4961,80236,13,2241,0
"인천광역시","여자","40~44세",123664,2682,22847,96371,5127,91215,29,1764,0
"인천광역시","여자","45~49세",123344,2597,21468,98093,5029,93034,30,1186,0
"인천광역시","여자","50~54세",107695,2031,20041,84988,4533,80427,28,635,0
"인천광역시","여자","55~59세",69530,1215,13180,54475,2777,51668,30,660,0
"인천광역시","여자","60~64세",52701,838,11024,38648,2153,36461,34,2191,0
"인천광역시","여자","65~69세",42698,646,8395,30637,1659,28887,91,3020,0
"인천광역시","여자","70~74세",37749,812,7042,26455,1334,24946,175,3440,0
"인천광역시","여자","75세 이상",58348,1417,11668,37987,1738,35028,1221,7276,0
"광주광역시","계","합계",1449768,105800,537204,799409,66835,731550,1024,7355,0
"광주광역시","계","0~4세",73043,33171,30097,9656,3254,6401,1,119,0
"광주광역시","계","5~9세",82312,16317,48417,17291,5321,11970,0,287,0
"광주광역시","계","10~14세",113887,14299,69796,29616,7432,22180,4,176,0
"광주광역시","계","15~19세",117428,9523,67184,40474,8031,32173,270,247,0
"광주광역시","계","20~24세",91484,4879,41647,44176,5044,39052,80,782,0
"광주광역시","계","25~29세",112293,4302,46095,60826,6233,54552,41,1070,0
"광주광역시","계","30~34세",114757,3109,40145,70666,6056,64590,20,837,0
"광주광역시","계","35~39세",126236,2723,38614,84245,5588,78646,11,654,0
"광주광역시","계","40~44세",127533,3361,34774,88987,4089,84878,20,411,0
"광주광역시","계","45~49세",118775,3395,30421,84589,4261,80309,19,370,0
"광주광역시","계","50~54세",105528,2803,26065,76522,4171,72335,16,138,0
"광주광역시","계","55~59세",73005,1727,17243,53918,2522,51382,14,117,0
"광주광역시","계","60~64세",60351,1604,13836,44776,1977,42783,16,135,0
"광주광역시","계","65~69세",46447,1282,10605,33778,1123,32623,32,782,0
"광주광역시","계","70~74세",37520,1326,8937,26663,644,25947,72,594,0
"광주광역시","계","75세 이상",49169,1979,13328,33226,1089,31729,408,636,0
"광주광역시","남자","합계",706191,55789,267322,380844,32919,347503,422,2236,0
"광주광역시","남자","0~4세",37285,16878,15303,5002,1700,3302,0,102,0
"광주광역시","남자","5~9세",42982,8372,25385,9007,2618,6389,0,218,0
"광주광역시","남자","10~14세",59581,7445,36568,15450,4154,11293,3,118,0
"광주광역시","남자","15~19세",59498,4775,34369,20244,3910,16172,162,110,0
"광주광역시","남자","20~24세",40436,2184,19079,19082,1844,17190,48,91,0
"광주광역시","남자","25~29세",56070,2529,23511,29904,3094,26788,22,126,0
"광주광역시","남자","30~34세",56340,1693,20131,34405,3160,31233,12,111,0
"광주광역시","남자","35~39세",60911,1422,18910,40444,2696,37741,7,135,0
"광주광역시","남자","40~44세",63073,1645,17318,44078,1884,42183,11,32,0
"광주광역시","남자","45~49세",58468,1891,15433,41049,1983,39054,12,95,0
"광주광역시","남자","50~54세",51832,1726,13095,36957,2234,34712,11,54,0
"광주광역시","남자","55~59세",35575,1195,8397,25950,1383,24558,9,33,0
"광주광역시","남자","60~64세",29612,1071,6945,21528,1054,20463,11,68,0
"광주광역시","남자","65~69세",21743,847,4952,15584,547,15023,14,360,0
"광주광역시","남자","70~74세",16227,873,3640,11444,280,11139,25,270,0
"광주광역시","남자","75세 이상",16558,1243,4286,10716,378,10263,75,313,0
"광주광역시","여자","합계",743577,50011,269882,418565,33916,384047,602,5119,0
"광주광역시","여자","0~4세",35758,16293,14794,4654,1554,3099,1,17,0
"광주광역시","여자","5~9세",39330,7945,23032,8284,2703,5581,0,69,0
"광주광역시","여자","10~14세",54306,6854,33228,14166,3278,10887,1,58,0
"광주광역시","여자","15~19세",57930,4748,32815,20230,4121,16001,108,137,0
"광주광역시","여자","20~24세",51048,2695,22568,25094,3200,21862,32,691,0
"광주광역시","여자","25~29세",56223,1773,22584,30922,3139,27764,19,944,0
"광주광역시","여자","30~34세",58417,1416,20014,36261,2896,33357,8,726,0
"광주광역시","여자","35~39세",65325,1301,19704,43801,2892,40905,4,519,0
"광주광역시","여자","40~44세",64460,1716,17456,44909,2205,42695,9,379,0
"광주광역시","여자","45~49세",60307,1504,14988,43540,2278,41255,7,275,0
"광주광역시","여자","50~54세",53696,1077,12970,39565,1937,37623,5,84,0
"광주광역시","여자","55~59세",37430,532,8846,27968,1139,26824,5,84,0
"광주광역시","여자","60~64세",30739,533,6891,23248,923,22320,5,67,0
"광주광역시","여자","65~69세",24704,435,5653,18194,576,17600,18,422,0
"광주광역시","여자","70~74세",21293,453,5297,15219,364,14808,47,324,0
"광주광역시","여자","75세 이상",32611,736,9042,22510,711,21466,333,323,0
"대전광역시","계","합계",1472388,94796,460540,903992,63673,837086,3233,13060,0
"대전광역시","계","0~4세",72026,32260,28109,11106,2737,8367,2,551,0
"대전광역시","계","5~9세",79798,14019,44328,20884,4310,16567,7,567,0
"대전광역시","계","10~14세",105002,12651,57695,34209,6961,27201,47,447,0
"대전광역시","계","15~19세",117226,9131,56647,50796,7081,43129,586,652,0
"대전광역시","계","20~24세",101572,3905,35734,60851,4720,55714,417,1082,0
"대전광역시","계","25~29세",113882,3317,38519,71140,6187,64809,144,906,0
"대전광역시","계","30~34세",115310,2357,34164,78124,5332,72725,67,665,0
"대전광역시","계","35~39세",128917,2555,33756,92103,4963,87070,70,503,0
"대전광역시","계","40~44세",129855,3180,29943,96246,4318,91787,141,486,0
"대전광역시","계","45~49세",125574,3187,26709,95343,4244,90967,132,335,0
"대전광역시","계","50~54세",114792,2486,22944,89072,4274,84668,130,290,0
"대전광역시","계","55~59세",79166,1460,15543,61942,3024,58817,101,221,0
"대전광역시","계","60~64세",58217,1080,10940,45632,1829,43710,93,565,0
"대전광역시","계","65~69세",45112,881,8779,33912,1340,32459,113,1540,0
"대전광역시","계","70~74세",36966,974,7165,27294,1123,25978,193,1533,0
"대전광역시","계","75세 이상",48973,1353,9565,35338,1230,33118,990,2717,0
"대전광역시","남자","합계",725625,50261,234939,435222,32124,401450,1648,5203,0
"대전광역시","남자","0~4세",37539,16940,14807,5560,1312,4246,2,232,0
"대전광역시","남자","5~9세",42033,7238,23495,11055,2412,8639,4,245,0
"대전광역시","남자","10~14세",54419,6978,29814,17378,3599,13754,25,249,0
"대전광역시","남자","15~19세",60745,4591,29581,26252,3833,22026,393,321,0
"대전광역시","남자","20~24세",47497,1978,16830,28535,2387,25825,323,154,0
"대전광역시","남자","25~29세",57630,2010,19923,35516,3104,32300,112,181,0
"대전광역시","남자","30~34세",56486,1293,17470,37609,2545,35028,36,114,0
"대전광역시","남자","35~39세",63561,1156,16859,45444,2487,42906,51,102,0
"대전광역시","남자","40~44세",64253,1637,15545,47027,2276,44664,87,44,0
"대전광역시","남자","45~49세",62603,1828,14385,46345,1998,44258,89,45,0
"대전광역시","남자","50~54세",56240,1473,11957,42745,2219,40444,82,65,0
"대전광역시","남자","55~59세",39558,870,8175,30396,1638,28704,54,117,0
"대전광역시","남자","60~64세",29296,654,5832,22508,852,21608,48,302,0
"대전광역시","남자","65~69세",21162,504,4184,15599,606,14931,62,875,0
"대전광역시","남자","70~74세",15823,508,3027,11565,476,11017,72,723,0
"대전광역시","남자","75세 이상",16780,603,3055,11688,380,11100,208,1434,0
"대전광역시","여자","합계",746763,44535,225601,468770,31549,435636,1585,7857,0
"대전광역시","여자","0~4세",34487,15320,13302,5546,1425,4121,0,319,0
"대전광역시","여자","5~9세",37765,6781,20833,9829,1898,7928,3,322,0
"대전광역시","여자","10~14세",50583,5673,27881,16831,3362,13447,22,198,0
"대전광역시","여자","15~19세",56481,4540,27066,24544,3248,21103,193,331,0
"대전광역시","여자","20~24세",54075,1927,18904,32316,2333,29889,94,928,0
"대전광역시","여자","25~29세",56252,1307,18596,35624,3083,32509,32,725,0
"대전광역시","여자","30~34세",58824,1064,16694,40515,2787,37697,31,551,0
"대전광역시","여자","35~39세",65356,1399,16897,46659,2476,44164,19,401,0
"대전광역시","여자","40~44세",65602,1543,14398,49219,2042,47123,54,442,0
"대전광역시","여자","45~49세",62971,1359,12324,48998,2246,46709,43,290,0
"대전광역시","여자","50~54세",58552,1013,10987,46327,2055,44224,48,225,0
"대전광역시","여자","55~59세",39608,590,7368,31546,1386,30113,47,104,0
"대전광역시","여자","60~64세",28921,426,5108,23124,977,22102,45,263,0
"대전광역시","여자","65~69세",23950,377,4595,18313,734,17528,51,665,0
"대전광역시","여자","70~74세",21143,466,4138,15729,647,14961,121,810,0
"대전광역시","여자","75세 이상",32193,750,6510,23650,850,22018,782,1283,0
"울산광역시","계","합계",1058070,85310,380505,583330,35930,546402,998,8925,0
"울산광역시","계","0~4세",54589,26840,20724,6678,1493,5185,0,347,0
"울산광역시","계","5~9세",57562,12138,32995,12117,2846,9252,19,312,0
"울산광역시","계","10~14세",81837,12106,49614,20005,4372,15588,45,112,0
"울산광역시","계","15~19세",79744,8394,48070,23059,4440,18584,35,221,0
"울산광역시","계","20~24세",48907,3131,27158,17839,2525,15281,33,779,0
"울산광역시","계","25~29세",75874,3333,35598,36165,2994,33028,143,778,0
"울산광역시","계","30~34세",85522,2387,31197,51299,3132,48025,142,639,0
"울산광역시","계","35~39세",95270,2402,25683,66588,2805,63710,73,597,0
"울산광역시","계","40~44세",105630,2969,21753,80472,2580,77836,56,436,0
"울산광역시","계","45~49세",105499,2857,19055,83142,2363,80736,43,445,0
"울산광역시","계","50~54세",91148,2341,18261,70314,2142,68139,33,232,0
"울산광역시","계","55~59세",61312,1865,14126,45129,1417,43687,25,192,0
"울산광역시","계","60~64세",40042,1169,10837,27718,1053,26631,34,318,0
"울산광역시","계","65~69세",27652,938,7752,17487,677,16782,28,1475,0
"울산광역시","계","70~74세",20902,921,7397,11736,491,11198,47,848,0
"울산광역시","계","75세 이상",26580,1519,10285,13582,600,12740,242,1194,0
"울산광역시","남자","합계",535514,47111,194393,291046,17831,272572,643,2964,0
"울산광역시","남자","0~4세",28854,14146,10989,3549,829,2720,0,170,0
"울산광역시","남자","5~9세",30599,6320,17985,6233,1495,4726,12,61,0
"울산광역시","남자","10~14세",43374,6433,26331,10555,2380,8151,24,55,0
"울산광역시","남자","15~19세",43627,4848,26347,12358,2429,9906,23,74,0
"울산광역시","남자","20~24세",23278,1406,13234,8597,1083,7490,24,41,0
"울산광역시","남자","25~29세",39142,1852,18314,18889,1420,17339,130,87,0
"울산광역시","남자","30~34세",44206,1389,16164,26540,1460,24946,134,113,0
"울산광역시","남자","35~39세",46628,1449,12933,32129,1205,30867,57,117,0
"울산광역시","남자","40~44세",52046,1687,11143,39100,1242,37806,52,116,0
"울산광역시","남자","45~49세",54492,1714,10004,42630,1237,41358,35,144,0
"울산광역시","남자","50~54세",46506,1641,9021,35764,1072,34665,27,80,0
"울산광역시","남자","55~59세",31651,1249,7261,23037,800,22218,19,104,0
"울산광역시","남자","60~64세",20823,765,5425,14459,491,13946,22,174,0
"울산광역시","남자","65~69세",13249,673,3378,8428,317,8098,13,770,0
"울산광역시","남자","70~74세",9023,546,3003,5108,205,4887,16,366,0
"울산광역시","남자","75세 이상",8016,993,2861,3670,166,3449,55,492,0
"울산광역시","여자","합계",522556,38199,186112,292284,18099,273830,355,5961,0
"울산광역시","여자","0~4세",25735,12694,9735,3129,664,2465,0,177,0
"울산광역시","여자","5~9세",26963,5818,15010,5884,1351,4526,7,251,0
"울산광역시","여자","10~14세",38463,5673,23283,9450,1992,7437,21,57,0
"울산광역시","여자","15~19세",36117,3546,21723,10701,2011,8678,12,147,0
"울산광역시","여자","20~24세",25629,1725,13924,9242,1442,7791,9,738,0
"울산광역시","여자","25~29세",36732,1481,17284,17276,1574,15689,13,691,0
"울산광역시","여자","30~34세",41316,998,15033,24759,1672,23079,8,526,0
"울산광역시","여자","35~39세",48642,953,12750,34459,1600,32843,16,480,0
"울산광역시","여자","40~44세",53584,1282,10610,41372,1338,40030,4,320,0
"울산광역시","여자","45~49세",51007,1143,9051,40512,1126,39378,8,301,0
"울산광역시","여자","50~54세",44642,700,9240,34550,1070,33474,6,152,0
"울산광역시","여자","55~59세",29661,616,6865,22092,617,21469,6,88,0
"울산광역시","여자","60~64세",19219,404,5412,13259,562,12685,12,144,0
"울산광역시","여자","65~69세",14403,265,4374,9059,360,8684,15,705,0
"울산광역시","여자","70~74세",11879,375,4394,6628,286,6311,31,482,0
"울산광역시","여자","75세 이상",18564,526,7424,9912,434,9291,187,702,0
"경기도","계","합계",11091716,735966,2045875,8137989,1488464,6625627,23898,171886,0
"경기도","계","0~4세",600134,249916,176575,168661,75880,92733,48,4982,0
"경기도","계","5~9세",636118,95713,244893,290274,120620,169524,130,5238,0
"경기도","계","10~14세",797753,77793,285793,430042,157612,272095,335,4125,0
"경기도","계","15~19세",796859,57691,255133,479912,149052,328524,2336,4123,0
"경기도","계","20~24세",590870,30456,153545,398704,99846,296869,1989,8165,0
"경기도","계","25~29세",817003,30889,152982,623251,112530,509299,1422,9881,0
"경기도","계","30~34세",926683,21719,121980,772399,106082,665513,804,10585,0
"경기도","계","35~39세",1076909,23067,117148,925327,110952,813703,672,11367,0
"경기도","계","40~44세",1061101,26590,106644,918510,108032,809544,934,9357,0
"경기도","계","45~49세",994026,28654,102282,855913,115819,738830,1264,7177,0
"경기도","계","50~54세",838418,24305,87190,721722,99142,621133,1447,5201,0
"경기도","계","55~59세",545904,15924,59850,466527,66198,399182,1147,3603,0
"경기도","계","60~64세",410674,12388,44889,341401,45083,295317,1001,11996,0
"경기도","계","65~69세",340510,11844,42252,267014,40348,225535,1131,19400,0
"경기도","계","70~74세",287943,12247,39596,217778,35904,180239,1635,18322,0
"경기도","계","75세 이상",370811,16770,55123,260554,45364,207587,7603,38364,0
"경기도","남자","합계",5471281,406897,1047739,3950396,713264,3226423,10709,66249,0
"경기도","남자","0~4세",309019,129008,90160,87332,39097,48210,25,2519,0
"경기도","남자","5~9세",329206,49245,127290,149956,63409,86473,74,2715,0
"경기도","남자","10~14세",411243,40947,148384,219664,81070,138385,209,2248,0
"경기도","남자","15~19세",410453,31429,132261,244916,75971,167772,1173,1847,0
"경기도","남자","20~24세",257747,14515,68372,173111,43059,129073,979,1749,0
"경기도","남자","25~29세",406312,17541,78717,307740,55646,251152,942,2314,0
"경기도","남자","30~34세",458397,12791,63888,379197,52156,326502,539,2521,0
"경기도","남자","35~39세",537677,13610,62278,459233,53046,405738,449,2556,0
"경기도","남자","40~44세",529130,15273,57800,453998,51013,402379,606,2059,0
"경기도","남자","45~49세",505992,18527,57782,427818,55649,371389,780,1865,0
"경기도","남자","50~54세",429081,16718,49236,361825,47804,313166,855,1302,0
"경기도","남자","55~59세",275146,11512,32252,230209,31148,198400,661,1173,0
"경기도","남자","60~64세",200493,9052,23878,161840,20169,141114,557,5723,0
"경기도","남자","65~69세",156639,8152,19758,119134,16495,102083,556,9595,0
"경기도","남자","70~74세",126314,8574,17540,91392,13912,76853,627,8808,0
"경기도","남자","75세 이상",128432,10003,18143,83031,13620,67734,1677,17255,0
"경기도","여자","합계",5620435,329069,998136,4187593,775200,3399204,13189,105637,0
"경기도","여자","0~4세",291115,120908,86415,81329,36783,44523,23,2463,0
"경기도","여자","5~9세",306912,46468,117603,140318,57211,83051,56,2523,0
"경기도","여자","10~14세",386510,36846,137409,210378,76542,133710,126,1877,0
"경기도","여자","15~19세",386406,26262,122872,234996,73081,160752,1163,2276,0
"경기도","여자","20~24세",333123,15941,85173,225593,56787,167796,1010,6416,0
"경기도","여자","25~29세",410691,13348,74265,315511,56884,258147,480,7567,0
"경기도","여자","30~34세",468286,8928,58092,393202,53926,339011,265,8064,0
"경기도","여자","35~39세",539232,9457,54870,466094,57906,407965,223,8811,0
"경기도","여자","40~44세",531971,11317,48844,464512,57019,407165,328,7298,0
"경기도","여자","45~49세",488034,10127,44500,428095,60170,367441,484,5312,0
"경기도","여자","50~54세",409337,7587,37954,359897,51338,307967,592,3899,0
"경기도","여자","55~59세",270758,4412,27598,236318,35050,200782,486,2430,0
"경기도","여자","60~64세",210181,3336,21011,179561,24914,154203,444,6273,0
"경기도","여자","65~69세",183871,3692,22494,147880,23853,123452,575,9805,0
"경기도","여자","70~74세",161629,3673,22056,126386,21992,103386,1008,9514,0
"경기도","여자","75세 이상",242379,6767,36980,177523,31744,139853,5926,21109,0
"강원도","계","합계",1435394,136708,594650,684519,265950,415781,2788,19517,0
"강원도","계","0~4세",61875,28218,20819,12665,3685,8975,5,173,0
"강원도","계","5~9세",71940,16026,35655,20071,6044,14017,10,188,0
"강원도","계","10~14세",95735,16841,49650,29041,8869,20114,58,203,0
"강원도","계","15~19세",99783,11684,43591,44239,12958,30849,432,269,0
"강원도","계","20~24세",75792,5265,25522,43953,12901,30650,402,1052,0
"강원도","계","25~29세",80168,5713,31974,41335,15833,25206,296,1146,0
"강원도","계","30~34세",89806,4853,34444,49613,20087,29306,220,896,0
"강원도","계","35~39세",109499,5451,44391,58738,24173,34457,108,919,0
"강원도","계","40~44세",116719,6511,48177,61145,26784,34240,121,886,0
"강원도","계","45~49세",121116,6599,48345,65494,27401,37977,116,678,0
"강원도","계","50~54세",123822,6865,50121,66620,27331,39144,145,216,0
"강원도","계","55~59세",93005,5029,36378,51359,20891,30379,89,239,0
"강원도","계","60~64세",69695,3328,26480,38612,14370,24175,67,1275,0
"강원도","계","65~69세",72065,3920,30583,34979,14565,20318,96,2583,0
"강원도","계","70~74세",68059,4699,29683,30951,13805,17031,115,2726,0
"강원도","계","75세 이상",86315,5706,38837,35704,16253,18943,508,6068,0
"강원도","남자","합계",705090,80864,302060,314871,123029,190270,1572,7295,0
"강원도","남자","0~4세",32184,15049,10723,6354,1736,4615,3,58,0
"강원도","남자","5~9세",37712,8331,18617,10662,3236,7417,9,102,0
"강원도","남자","10~14세",48424,8390,25057,14900,4520,10340,40,77,0
"강원도","남자","15~19세",53064,6218,23870,22863,6668,15941,254,113,0
"강원도","남자","20~24세",37408,2779,12490,22000,5968,15824,208,139,0
"강원도","남자","25~29세",41942,3389,17052,21421,7953,13295,173,80,0
"강원도","남자","30~34세",44729,3064,18155,23432,9957,13293,182,78,0
"강원도","남자","35~39세",54696,3729,24097,26812,11589,15134,89,58,0
"강원도","남자","40~44세",59564,4493,27192,27788,13071,14629,88,91,0
"강원도","남자","45~49세",60930,4788,27096,28952,12909,15960,83,94,0
"강원도","남자","50~54세",62594,5229,27120,30200,12694,17390,116,45,0
"강원도","남자","55~59세",46455,3821,18781,23758,9614,14069,75,95,0
"강원도","남자","60~64세",33190,2503,13026,16991,6528,10415,48,670,0
"강원도","남자","65~69세",32404,2768,13634,14680,6148,8479,53,1322,0
"강원도","남자","70~74세",30184,3080,13149,12681,5703,6934,44,1274,0
"강원도","남자","75세 이상",29610,3233,12001,11377,4735,6535,107,2999,0
"강원도","여자","합계",730304,55844,292590,369648,142921,225511,1216,12222,0
"강원도","여자","0~4세",29691,13169,10096,6311,1949,4360,2,115,0
"강원도","여자","5~9세",34228,7695,17038,9409,2808,6600,1,86,0
"강원도","여자","10~14세",47311,8451,24593,14141,4349,9774,18,126,0
"강원도","여자","15~19세",46719,5466,19721,21376,6290,14908,178,156,0
"강원도","여자","20~24세",38384,2486,13032,21953,6933,14826,194,913,0
"강원도","여자","25~29세",38226,2324,14922,19914,7880,11911,123,1066,0
"강원도","여자","30~34세",45077,1789,16289,26181,10130,16013,38,818,0
"강원도","여자","35~39세",54803,1722,20294,31926,12584,19323,19,861,0
"강원도","여자","40~44세",57155,2018,20985,33357,13713,19611,33,795,0
"강원도","여자","45~49세",60186,1811,21249,36542,14492,22017,33,584,0
"강원도","여자","50~54세",61228,1636,23001,36420,14637,21754,29,171,0
"강원도","여자","55~59세",46550,1208,17597,27601,11277,16310,14,144,0
"강원도","여자","60~64세",36505,825,13454,21621,7842,13760,19,605,0
"강원도","여자","65~69세",39661,1152,16949,20299,8417,11839,43,1261,0
"강원도","여자","70~74세",37875,1619,16534,18270,8102,10097,71,1452,0
"강원도","여자","75세 이상",56705,2473,26836,24327,11518,12408,401,3069,0
"충청북도","계","합계",1479816,150476,568464,746047,256836,486414,2797,14829,0
"충청북도","계","0~4세",69293,31881,24215,13019,4101,8918,0,178,0
"충청북도","계","5~9세",75932,16150,38229,21213,6720,14473,20,340,0
"충청북도","계","10~14세",101765,17768,51822,31941,9294,22597,50,234,0
"충청북도","계","15~19세",106872,12177,49287,45166,10503,34215,448,242,0
"충청북도","계","20~24세",84309,6403,28370,48202,9743,38219,240,1334,0
"충청북도","계","25~29세",98360,6224,36120,54527,16007,38353,167,1489,0
"충청북도","계","30~34세",102492,4723,34362,62336,20843,41395,98,1071,0
"충청북도","계","35~39세",116665,4927,40347,70283,24935,45221,127,1108,0
"충청북도","계","40~44세",123552,6108,40977,75649,27138,48321,190,818,0
"충청북도","계","45~49세",123102,6905,40871,74562,27882,46541,139,764,0
"충청북도","계","50~54세",117195,7229,40655,68816,26463,42173,180,495,0
"충청북도","계","55~59세",87657,5658,32269,49529,19587,29803,139,201,0
"충청북도","계","60~64세",64612,4699,23189,35993,13443,22459,91,731,0
"충청북도","계","65~69세",62579,5101,24957,30565,12537,17935,93,1956,0
"충청북도","계","70~74세",61317,5880,25897,28166,11780,16234,152,1374,0
"충청북도","계","75세 이상",84114,8643,36897,36080,15860,19557,663,2494,0
"충청북도","남자","합계",729724,93602,286537,344813,121917,221568,1328,4772,0
"충청북도","남자","0~4세",36357,17015,12334,6920,2141,4779,0,88,0
"충청북도","남자","5~9세",40067,8447,20290,11138,3747,7380,11,192,0
"충청북도","남자","10~14세",53457,9476,27047,16825,4723,12064,38,109,0
"충청북도","남자","15~19세",55844,6675,25978,23099,5214,17625,260,92,0
"충청북도","남자","20~24세",39615,3619,13395,22400,4607,17659,134,201,0
"충청북도","남자","25~29세",51621,3796,18888,28705,7965,20632,108,232,0
"충청북도","남자","30~34세",51724,3123,18105,30245,10211,19977,57,251,0
"충청북도","남자","35~39세",58998,3468,20929,34348,12663,21608,77,253,0
"충청북도","남자","40~44세",62898,4138,22514,36129,13927,22111,91,117,0
"충청북도","남자","45~49세",63249,5150,23177,34762,14181,20508,73,160,0
"충청북도","남자","50~54세",59060,5609,22135,31204,13185,17912,107,112,0
"충청북도","남자","55~59세",43091,4444,16855,21715,9092,12531,92,77,0
"충청북도","남자","60~64세",31163,3895,11534,15488,6397,9039,52,246,0
"충청북도","남자","65~69세",28102,3950,11059,12103,4947,7111,45,990,0
"충청북도","남자","70~74세",26148,4700,10691,10134,4501,5581,52,623,0
"충청북도","남자","75세 이상",28330,6097,11606,9598,4416,5051,131,1029,0
"충청북도","여자","합계",750092,56874,281927,401234,134919,264846,1469,10057,0
"충청북도","여자","0~4세",32936,14866,11881,6099,1960,4139,0,90,0
"충청북도","여자","5~9세",35865,7703,17939,10075,2973,7093,9,148,0
"충청북도","여자","10~14세",48308,8292,24775,15116,4571,10533,12,125,0
"충청북도","여자","15~19세",51028,5502,23309,22067,5289,16590,188,150,0
"충청북도","여자","20~24세",44694,2784,14975,25802,5136,20560,106,1133,0
"충청북도","여자","25~29세",46739,2428,17232,25822,8042,17721,59,1257,0
"충청북도","여자","30~34세",50768,1600,16257,32091,10632,21418,41,820,0
"충청북도","여자","35~39세",57667,1459,19418,35935,12272,23613,50,855,0
"충청북도","여자","40~44세",60654,1970,18463,39520,13211,26210,99,701,0
"충청북도","여자","45~49세",59853,1755,17694,39800,13701,26033,66,604,0
"충청북도","여자","50~54세",58135,1620,18520,37612,13278,24261,73,383,0
"충청북도","여자","55~59세",44566,1214,15414,27814,10495,17272,47,124,0
"충청북도","여자","60~64세",33449,804,11655,20505,7046,13420,39,485,0
"충청북도","여자","65~69세",34477,1151,13898,18462,7590,10824,48,966,0
"충청북도","여자","70~74세",35169,1180,15206,18032,7279,10653,100,751,0
"충청북도","여자","75세 이상",55784,2546,25291,26482,11444,14506,532,1465,0
"충청남도","계","합계",1982214,244212,732660,985138,282072,698167,4899,20204,0
"충청남도","계","0~4세",97647,44618,29474,23219,5859,17357,3,336,0
"충청남도","계","5~9세",101214,22051,44481,34215,7535,26649,31,467,0
"충청남도","계","10~14세",129076,23614,55012,50162,10586,39471,105,288,0
"충청남도","계","15~19세",141345,17519,47692,75729,12105,62395,1229,405,0
"충청남도","계","20~24세",116049,10153,27692,76149,10608,64806,735,2055,0
"충청남도","계","25~29세",131887,11255,37251,80940,17916,62645,379,2441,0
"충청남도","계","30~34세",141607,9007,42001,89029,23149,65678,202,1570,0
"충청남도","계","35~39세",155306,9824,49149,94889,26480,68277,132,1444,0
"충청남도","계","40~44세",153512,10804,47589,93980,26235,67600,145,1139,0
"충청남도","계","45~49세",153405,11538,51177,89838,27942,61735,161,852,0
"충청남도","계","50~54세",143432,12773,54251,75952,25190,50594,168,456,0
"충청남도","계","55~59세",111081,10846,47325,52432,19215,33070,147,478,0
"충청남도","계","60~64세",96122,10628,43558,40840,16839,23877,124,1096,0
"충청남도","계","65~69세",87909,10721,41288,33984,15311,18519,154,1916,0
"충청남도","계","70~74세",90311,11878,45555,31215,15536,15421,258,1663,0
"충청남도","계","75세 이상",132311,16983,69165,42565,21566,20073,926,3598,0
"충청남도","남자","합계",985055,158914,361188,458359,124632,331162,2565,6594,0
"충청남도","남자","0~4세",50524,22881,15131,12327,3139,9185,3,185,0
"충청남도","남자","5~9세",52694,11560,23161,17722,3899,13806,17,251,0
"충청남도","남자","10~14세",66927,12270,28501,25982,5526,20392,64,174,0
"충청남도","남자","15~19세",71244,9156,25006,36925,6265,29961,699,157,0
"충청남도","남자","20~24세",55087,5112,13325,36328,4696,31280,352,322,0
"충청남도","남자","25~29세",72252,7218,20442,44267,8924,35063,280,325,0
"충청남도","남자","30~34세",74314,6045,22863,45179,11481,33537,161,227,0
"충청남도","남자","35~39세",80447,6925,26732,46515,13252,33160,103,275,0
"충청남도","남자","40~44세",81246,8053,27373,45554,13517,31942,95,266,0
"충청남도","남자","45~49세",79778,9158,28502,41988,13675,28187,126,130,0
"충청남도","남자","50~54세",72923,10673,28617,33515,10798,22612,105,118,0
"충청남도","남자","55~59세",55282,9272,24004,21818,7706,14016,96,188,0
"충청남도","남자","60~64세",47152,9162,20653,16748,6688,9982,78,589,0
"충청남도","남자","65~69세",39594,8833,17469,12377,5191,7112,74,915,0
"충청남도","남자","70~74세",38536,9776,17813,10125,4662,5356,107,822,0
"충청남도","남자","75세 이상",47055,12820,21596,10989,5213,5571,205,1650,0
"충청남도","여자","합계",997159,85298,371472,526779,157440,367005,2334,13610,0
"충청남도","여자","0~4세",47123,21737,14343,10892,2720,8172,0,151,0
"충청남도","여자","5~9세",48520,10491,21320,16493,3636,12843,14,216,0
"충청남도","여자","10~14세",62149,11344,26511,24180,5060,19079,41,114,0
"충청남도","여자","15~19세",70101,8363,22686,38804,5840,32434,530,248,0
"충청남도","여자","20~24세",60962,5041,14367,39821,5912,33526,383,1733,0
"충청남도","여자","25~29세",59635,4037,16809,36673,8992,27582,99,2116,0
"충청남도","여자","30~34세",67293,2962,19138,43850,11668,32141,41,1343,0
"충청남도","여자","35~39세",74859,2899,22417,48374,13228,35117,29,1169,0
"충청남도","여자","40~44세",72266,2751,20216,48426,12718,35658,50,873,0
"충청남도","여자","45~49세",73627,2380,22675,47850,14267,33548,35,722,0
"충청남도","여자","50~54세",70509,2100,25634,42437,14392,27982,63,338,0
"충청남도","여자","55~59세",55799,1574,23321,30614,11509,19054,51,290,0
"충청남도","여자","60~64세",48970,1466,22905,24092,10151,13895,46,507,0
"충청남도","여자","65~69세",48315,1888,23819,21607,10120,11407,80,1001,0
"충청남도","여자","70~74세",51775,2102,27742,21090,10874,10065,151,841,0
"충청남도","여자","75세 이상",85256,4163,47569,31576,16353,14502,721,1948,0
"전라북도","계","합계",1746964,202602,820678,711416,410888,299251,1277,12268,0
"전라북도","계","0~4세",77209,36858,28964,11123,4319,6801,3,264,0
"전라북도","계","5~9세",89573,22605,47256,19452,8480,10969,3,260,0
"전라북도","계","10~14세",122015,21970,68878,30884,13427,17451,6,283,0
"전라북도","계","15~19세",126976,15086,66292,45299,16962,28200,137,299,0
"전라북도","계","20~24세",89812,8059,39181,41113,16804,24223,86,1459,0
"전라북도","계","25~29세",102050,8722,47046,44613,24155,20400,58,1669,0
"전라북도","계","30~34세",109624,7325,48274,53024,30513,22455,56,1001,0
"전라북도","계","35~39세",131278,7824,56629,65725,39691,25996,38,1100,0
"전라북도","계","40~44세",135366,8129,56971,69296,42297,26929,70,970,0
"전라북도","계","45~49세",136970,9074,57640,69704,42773,26861,70,552,0
"전라북도","계","50~54세",133736,9617,57992,65838,41895,23859,84,289,0
"전라북도","계","55~59세",104693,7485,48362,48641,32077,16503,61,205,0
"전라북도","계","60~64세",98060,8576,46420,42584,28909,13610,65,480,0
"전라북도","계","65~69세",84206,8308,42152,32573,21289,11224,60,1173,0
"전라북도","계","70~74세",82731,9349,42658,29738,19512,10141,85,986,0
"전라북도","계","75세 이상",122665,13615,65963,41809,27785,13629,395,1278,0
"전라북도","남자","합계",845415,126911,391662,323744,190302,132839,603,3098,0
"전라북도","남자","0~4세",40364,19335,15136,5700,2217,3481,2,193,0
"전라북도","남자","5~9세",46480,11529,24425,10385,4531,5853,1,141,0
"전라북도","남자","10~14세",64105,11869,35941,16132,6979,9150,3,163,0
"전라북도","남자","15~19세",65923,7961,33909,23979,8854,15046,79,74,0
"전라북도","남자","20~24세",41940,3930,18237,19673,7752,11882,39,100,0
"전라북도","남자","25~29세",52253,5114,24485,22573,12127,10396,50,81,0
"전라북도","남자","30~34세",55170,4749,24887,25465,14987,10431,47,69,0
"전라북도","남자","35~39세",65090,5610,28840,30540,19268,11248,24,100,0
"전라북도","남자","40~44세",68567,5510,30216,32761,21227,11485,49,80,0
"전라북도","남자","45~49세",68916,6829,30294,31692,20964,10685,43,101,0
"전라북도","남자","50~54세",66216,7535,29558,29044,19511,9481,52,79,0
"전라북도","남자","55~59세",50415,6037,23506,20811,14404,6364,43,61,0
"전라북도","남자","60~64세",46181,6949,20797,18184,12837,5310,37,251,0
"전라북도","남자","65~69세",37206,6596,16817,13177,8872,4272,33,616,0
"전라북도","남자","70~74세",34891,7543,15579,11344,7534,3774,36,425,0
"전라북도","남자","75세 이상",41698,9815,19035,12284,8238,3981,65,564,0
"전라북도","여자","합계",901549,75691,429016,387672,220586,166412,674,9170,0
"전라북도","여자","0~4세",36845,17523,13828,5423,2102,3320,1,71,0
"전라북도","여자","5~9세",43093,11076,22831,9067,3949,5116,2,119,0
"전라북도","여자","10~14세",57910,10101,32937,14752,6448,8301,3,120,0
"전라북도","여자","15~19세",61053,7125,32383,21320,8108,13154,58,225,0
"전라북도","여자","20~24세",47872,4129,20944,21440,9052,12341,47,1359,0
"전라북도","여자","25~29세",49797,3608,22561,22040,12028,10004,8,1588,0
"전라북도","여자","30~34세",54454,2576,23387,27559,15526,12024,9,932,0
"전라북도","여자","35~39세",66188,2214,27789,35185,20423,14748,14,1000,0
"전라북도","여자","40~44세",66799,2619,26755,36535,21070,15444,21,890,0
"전라북도","여자","45~49세",68054,2245,27346,38012,21809,16176,27,451,0
"전라북도","여자","50~54세",67520,2082,28434,36794,22384,14378,32,210,0
"전라북도","여자","55~59세",54278,1448,24856,27830,17673,10139,18,144,0
"전라북도","여자","60~64세",51879,1627,25623,24400,16072,8300,28,229,0
"전라북도","여자","65~69세",47000,1712,25335,19396,12417,6952,27,557,0
"전라북도","여자","70~74세",47840,1806,27079,18394,11978,6367,49,561,0
"전라북도","여자","75세 이상",80967,3800,46928,29525,19547,9648,330,714,0
"전라남도","계","합계",1711536,243894,856395,598247,331784,264469,1994,13000,0
"전라남도","계","0~4세",73558,38155,22708,12576,4509,8066,1,119,0
"전라남도","계","5~9세",84538,22590,40630,21047,7301,13735,11,271,0
"전라남도","계","10~14세",118035,26908,59634,31340,10525,20790,25,153,0
"전라남도","계","15~19세",111197,16246,56350,38261,12720,25171,370,340,0
"전라남도","계","20~24세",61745,7532,27026,25100,9366,15642,92,2087,0
"전라남도","계","25~29세",84831,9768,37574,35734,16842,18842,50,1755,0
"전라남도","계","30~34세",98235,8179,42354,46644,24946,21661,37,1058,0
"전라남도","계","35~39세",119073,9017,52799,55970,31238,24653,79,1287,0
"전라남도","계","40~44세",129708,10589,55956,62353,35870,26388,95,810,0
"전라남도","계","45~49세",133802,10864,61354,60878,36234,24530,114,706,0
"전라남도","계","50~54세",132568,11743,64805,55670,34600,20964,106,350,0
"전라남도","계","55~59세",107139,10348,57000,39529,25312,14141,76,262,0
"전라남도","계","60~64세",103883,12484,59324,31855,21945,9814,96,220,0
"전라남도","계","65~69세",98526,13361,59245,24743,18086,6562,95,1177,0
"전라남도","계","70~74세",103318,15304,64206,22758,17243,5379,136,1050,0
"전라남도","계","75세 이상",151380,20806,95430,33789,25047,8131,611,1355,0
"전라남도","남자","합계",825035,161061,394181,266928,148560,117401,967,2865,0
"전라남도","남자","0~4세",38072,19348,11818,6831,2428,4403,0,75,0
"전라남도","남자","5~9세",43427,11338,20998,10910,3996,6907,7,181,0
"전라남도","남자","10~14세",61688,14513,31253,15857,5517,10323,17,65,0
"전라남도","남자","15~19세",56993,8598,29087,19231,6536,12472,223,77,0
"전라남도","남자","20~24세",29572,4155,13366,11980,4507,7409,64,71,0
"전라남도","남자","25~29세",44336,6318,20425,17466,8102,9331,33,127,0
"전라남도","남자","30~34세",49708,5519,21631,22468,12288,10153,27,90,0
"전라남도","남자","35~39세",60140,6652,27558,25849,15382,10422,45,81,0
"전라남도","남자","40~44세",68441,7964,31057,29349,17873,11412,64,71,0
"전라남도","남자","45~49세",68717,8625,33085,26915,16961,9880,74,92,0
"전라남도","남자","50~54세",67100,9733,32737,24522,15819,8636,67,108,0
"전라남도","남자","55~59세",52542,8650,26718,17076,11282,5740,54,98,0
"전라남도","남자","60~64세",49541,10636,25542,13268,9383,3836,49,95,0
"전라남도","남자","65~69세",43490,10829,22486,9554,6992,2508,54,621,0
"전라남도","남자","70~74세",41858,12243,21806,7360,5441,1858,61,449,0
"전라남도","남자","75세 이상",49410,15940,24614,8292,6053,2111,128,564,0
"전라남도","여자","합계",886501,82833,462214,331319,183224,147068,1027,10135,0
"전라남도","여자","0~4세",35486,18807,10890,5745,2081,3663,1,44,0
"전라남도","여자","5~9세",41111,11252,19632,10137,3305,6828,4,90,0
"전라남도","여자","10~14세",56347,12395,28381,15483,5008,10467,8,88,0
"전라남도","여자","15~19세",54204,7648,27263,19030,6184,12699,147,263,0
"전라남도","여자","20~24세",32173,3377,13660,13120,4859,8233,28,2016,0
"전라남도","여자","25~29세",40495,3450,17149,18268,8740,9511,17,1628,0
"전라남도","여자","30~34세",48527,2660,20723,24176,12658,11508,10,968,0
"전라남도","여자","35~39세",58933,2365,25241,30121,15856,14231,34,1206,0
"전라남도","여자","40~44세",61267,2625,24899,33004,17997,14976,31,739,0
"전라남도","여자","45~49세",65085,2239,28269,33963,19273,14650,40,614,0
"전라남도","여자","50~54세",65468,2010,32068,31148,18781,12328,39,242,0
"전라남도","여자","55~59세",54597,1698,30282,22453,14030,8401,22,164,0
"전라남도","여자","60~64세",54342,1848,33782,18587,12562,5978,47,125,0
"전라남도","여자","65~69세",55036,2532,36759,15189,11094,4054,41,556,0
"전라남도","여자","70~74세",61460,3061,42400,15398,11802,3521,75,601,0
"전라남도","여자","75세 이상",101970,4866,70816,25497,18994,6020,483,791,0
"경상북도","계","합계",2546241,297287,1124481,1100363,480188,615450,4725,24110,0
"경상북도","계","0~4세",109044,56148,34477,18056,5291,12763,2,363,0
"경상북도","계","5~9세",118035,31809,57268,28623,8975,19635,13,335,0
"경상북도","계","10~14세",158191,32440,83464,42012,13320,28632,60,275,0
"경상북도","계","15~19세",170585,22136,80707,67412,19610,46947,855,330,0
"경상북도","계","20~24세",130028,10317,45775,71395,19894,50813,688,2541,0
"경상북도","계","25~29세",158280,11802,60626,83330,28718,54241,371,2522,0
"경상북도","계","30~34세",167840,9564,62395,94208,36072,58000,136,1673,0
"경상북도","계","35~39세",190753,10979,73077,105113,46419,58546,148,1584,0
"경상북도","계","40~44세",200560,12410,74814,112284,52538,59560,186,1052,0
"경상북도","계","45~49세",206590,13097,80819,111950,53660,58082,208,724,0
"경상북도","계","50~54세",203727,13616,86694,102976,49580,53118,278,441,0
"경상북도","계","55~59세",165655,12630,77327,75396,37401,37786,209,302,0
"경상북도","계","60~64세",136442,12561,67573,55647,29434,26083,130,661,0
"경상북도","계","65~69세",124686,12131,65131,43452,23929,19373,150,3972,0
"경상북도","계","70~74세",126241,15097,69883,37619,23166,14256,197,3642,0
"경상북도","계","75세 이상",179584,20550,104451,50890,32181,17615,1094,3693,0
"경상북도","남자","합계",1248295,192229,544353,504465,217347,284488,2630,7248,0
"경상북도","남자","0~4세",56707,29588,17452,9534,2633,6900,1,133,0
"경상북도","남자","5~9세",62444,16867,30882,14543,4644,9890,9,152,0
"경상북도","남자","10~14세",82956,17281,44032,21491,6859,14597,35,152,0
"경상북도","남자","15~19세",91274,11874,44207,35114,10409,24185,520,79,0
"경상북도","남자","20~24세",63344,5523,23048,34624,9926,24253,445,149,0
"경상북도","남자","25~29세",83195,7145,31511,44278,14718,29246,314,261,0
"경상북도","남자","30~34세",85587,6133,32815,46379,17556,28723,100,260,0
"경상북도","남자","35~39세",97573,7666,39160,50504,22607,27785,112,243,0
"경상북도","남자","40~44세",103566,9062,41079,53165,26021,27017,127,260,0
"경상북도","남자","45~49세",105053,10146,44651,50152,25549,24444,159,104,0
"경상북도","남자","50~54세",103327,11216,45639,46395,23248,22931,216,77,0
"경상북도","남자","55~59세",80427,10437,37185,32699,16607,15948,144,106,0
"경상북도","남자","60~64세",66497,10839,31392,23993,12612,11297,84,273,0
"경상북도","남자","65~69세",54094,10136,25850,16127,8705,7333,89,1981,0
"경상북도","남자","70~74세",52151,12578,25258,12727,7424,5215,88,1588,0
"경상북도","남자","75세 이상",60100,15738,30192,12740,7829,4724,187,1430,0
"경상북도","여자","합계",1297946,105058,580128,595898,262841,330962,2095,16862,0
"경상북도","여자","0~4세",52337,26560,17025,8522,2658,5863,1,230,0
"경상북도","여자","5~9세",55591,14942,26386,14080,4331,9745,4,183,0
"경상북도","여자","10~14세",75235,15159,39432,20521,6461,14035,25,123,0
"경상북도","여자","15~19세",79311,10262,36500,32298,9201,22762,335,251,0
"경상북도","여자","20~24세",66684,4794,22727,36771,9968,26560,243,2392,0
"경상북도","여자","25~29세",75085,4657,29115,39052,14000,24995,57,2261,0
"경상북도","여자","30~34세",82253,3431,29580,47829,18516,29277,36,1413,0
"경상북도","여자","35~39세",93180,3313,33917,54609,23812,30761,36,1341,0
"경상북도","여자","40~44세",96994,3348,33735,59119,26517,32543,59,792,0
"경상북도","여자","45~49세",101537,2951,36168,61798,28111,33638,49,620,0
"경상북도","여자","50~54세",100400,2400,41055,56581,26332,30187,62,364,0
"경상북도","여자","55~59세",85228,2193,40142,42697,20794,21838,65,196,0
"경상북도","여자","60~64세",69945,1722,36181,31654,16822,14786,46,388,0
"경상북도","여자","65~69세",70592,1995,39281,27325,15224,12040,61,1991,0
"경상북도","여자","70~74세",74090,2519,44625,24892,15742,9041,109,2054,0
"경상북도","여자","75세 이상",119484,4812,74259,38150,24352,12891,907,2263,0
"경상남도","계","합계",3082619,307744,1219683,1521957,681782,837105,3070,33235,0
"경상남도","계","0~4세",154892,72271,53288,28849,10453,18392,4,484,0
"경상남도","계","5~9세",163672,32964,81649,48614,18395,30204,15,445,0
"경상남도","계","10~14세",218438,33652,112469,72083,27080,44973,30,234,0
"경상남도","계","15~19세",209222,23166,103542,81961,28897,52890,174,553,0
"경상남도","계","20~24세",135924,10563,58010,64359,22113,42160,86,2992,0
"경상남도","계","25~29세",200144,13289,76521,107774,38488,69189,97,2560,0
"경상남도","계","30~34세",229261,9830,75248,142003,53091,88823,89,2180,0
"경상남도","계","35~39세",265160,10456,80472,172137,72173,99849,115,2095,0
"경상남도","계","40~44세",275391,13384,82681,177851,82887,94776,188,1475,0
"경상남도","계","45~49세",266313,13205,82783,169342,82957,86163,222,983,0
"경상남도","계","50~54세",247716,13350,85072,148811,72633,75960,218,483,0
"경상남도","계","55~59세",182510,11214,72451,98530,50972,47355,203,315,0
"경상남도","계","60~64세",142578,11058,60754,70050,38427,31473,150,716,0
"경상남도","계","65~69세",120862,10475,54574,49313,28723,20418,172,6500,0
"경상남도","계","70~74세",113396,12026,56641,38946,23360,15348,238,5783,0
"경상남도","계","75세 이상",157140,16841,83528,51334,31133,19132,1069,5437,0
"경상남도","남자","합계",1520520,186342,592338,730405,321359,407462,1584,11435,0
"경상남도","남자","0~4세",80053,37221,27799,14811,5406,9404,1,222,0
"경상남도","남자","5~9세",86271,17595,42802,25678,9878,15789,11,196,0
"경상남도","남자","10~14세",114466,17466,59717,37217,14064,23130,23,66,0
"경상남도","남자","15~19세",111446,13001,55726,42611,14759,27751,101,108,0
"경상남도","남자","20~24세",64095,5352,27852,30673,10303,20312,58,218,0
"경상남도","남자","25~29세",103405,8079,39338,55527,19065,36394,68,461,0
"경상남도","남자","30~34세",117511,6327,39208,71524,25990,45471,63,452,0
"경상남도","남자","35~39세",133169,6856,42317,83542,34717,48745,80,454,0
"경상남도","남자","40~44세",139888,8714,43953,86893,40685,46072,136,328,0
"경상남도","남자","45~49세",136106,9314,44267,82279,41593,40526,160,246,0
"경상남도","남자","50~54세",126011,9863,44302,71710,34891,36654,165,136,0
"경상남도","남자","55~59세",90543,8753,35166,46457,24537,21766,154,167,0
"경상남도","남자","60~64세",69249,8869,27798,32209,17247,14844,118,373,0
"경상남도","남자","65~69세",53208,8085,20856,20870,11906,8853,111,3397,0
"경상남도","남자","70~74세",45861,9220,19247,14923,8628,6178,117,2471,0
"경상남도","남자","75세 이상",49238,11627,21990,13481,7690,5573,218,2140,0
"경상남도","여자","합계",1562099,121402,627345,791552,360423,429643,1486,21800,0
"경상남도","여자","0~4세",74839,35050,25489,14038,5047,8988,3,262,0
"경상남도","여자","5~9세",77401,15369,38847,22936,8517,14415,4,249,0
"경상남도","여자","10~14세",103972,16186,52752,34866,13016,21843,7,168,0
"경상남도","여자","15~19세",97776,10165,47816,39350,14138,25139,73,445,0
"경상남도","여자","20~24세",71829,5211,30158,33686,11810,21848,28,2774,0
"경상남도","여자","25~29세",96739,5210,37183,52247,19423,32795,29,2099,0
"경상남도","여자","30~34세",111750,3503,36040,70479,27101,43352,26,1728,0
"경상남도","여자","35~39세",131991,3600,38155,88595,37456,51104,35,1641,0
"경상남도","여자","40~44세",135503,4670,38728,90958,42202,48704,52,1147,0
"경상남도","여자","45~49세",130207,3891,38516,87063,41364,45637,62,737,0
"경상남도","여자","50~54세",121705,3487,40770,77101,37742,39306,53,347,0
"경상남도","여자","55~59세",91967,2461,37285,52073,26435,25589,49,148,0
"경상남도","여자","60~64세",73329,2189,32956,37841,21180,16629,32,343,0
"경상남도","여자","65~69세",67654,2390,33718,28443,16817,11565,61,3103,0
"경상남도","여자","70~74세",67535,2806,37394,24023,14732,9170,121,3312,0
"경상남도","여자","75세 이상",107902,5214,61538,37853,23443,13559,851,3297,0
"제주특별자치도","계","합계",523261,67943,313730,135265,40340,94762,163,6323,0
"제주특별자치도","계","0~4세",27841,15023,10211,2491,803,1688,0,116,0
"제주특별자치도","계","5~9세",31871,9512,18384,3848,882,2965,1,127,0
"제주특별자치도","계","10~14세",41169,9398,25636,5897,1489,4408,0,238,0
"제주특별자치도","계","15~19세",37948,6224,24523,6949,2488,4442,19,252,0
"제주특별자치도","계","20~24세",23603,2616,14188,6292,2371,3897,24,507,0
"제주특별자치도","계","25~29세",32138,3265,19303,9057,3266,5766,25,513,0
"제주특별자치도","계","30~34세",35801,2562,21158,11637,4057,7566,14,444,0
"제주특별자치도","계","35~39세",45123,2817,27007,14952,4734,10210,8,347,0
"제주특별자치도","계","40~44세",46671,3339,27325,15775,5081,10686,8,232,0
"제주특별자치도","계","45~49세",43249,2763,24973,15351,4341,11006,4,162,0
"제주특별자치도","계","50~54세",38456,2205,21938,14130,3303,10821,6,183,0
"제주특별자치도","계","55~59세",27394,1509,16495,9274,2153,7120,1,116,0
"제주특별자치도","계","60~64세",24170,1482,15663,6854,1593,5258,3,171,0
"제주특별자치도","계","65~69세",21164,1677,13620,5024,1153,3866,5,843,0
"제주특별자치도","계","70~74세",18779,1466,12740,3458,1084,2367,7,1115,0
"제주특별자치도","계","75세 이상",27884,2085,20566,4276,1542,2696,38,957,0
"제주특별자치도","남자","합계",255446,39325,149595,64011,18019,45916,76,2515,0
"제주특별자치도","남자","0~4세",14522,7840,5286,1325,392,933,0,71,0
"제주특별자치도","남자","5~9세",17290,5206,9931,2112,446,1666,0,41,0
"제주특별자치도","남자","10~14세",21431,4924,13037,3336,803,2533,0,134,0
"제주특별자치도","남자","15~19세",19069,3255,12252,3515,1123,2384,8,47,0
"제주특별자치도","남자","20~24세",10438,1190,6707,2482,828,1643,11,59,0
"제주특별자치도","남자","25~29세",15890,2089,9395,4265,1452,2801,12,141,0
"제주특별자치도","남자","30~34세",18248,1669,10866,5494,1953,3531,10,219,0
"제주특별자치도","남자","35~39세",22021,1860,13416,6645,2138,4500,7,100,0
"제주특별자치도","남자","40~44세",23389,2260,13650,7384,2237,5140,7,95,0
"제주특별자치도","남자","45~49세",22609,2119,12981,7448,2021,5423,4,61,0
"제주특별자치도","남자","50~54세",19029,1571,10906,6513,1450,5059,4,39,0
"제주특별자치도","남자","55~59세",13547,973,8050,4491,1008,3483,0,33,0
"제주특별자치도","남자","60~64세",11944,1097,7408,3324,714,2608,2,115,0
"제주특별자치도","남자","65~69세",10222,1190,5903,2688,523,2163,2,441,0
"제주특별자치도","남자","70~74세",8009,1060,4821,1641,548,1089,4,487,0
"제주특별자치도","남자","75세 이상",7788,1022,4986,1348,383,960,5,432,0
"제주특별자치도","여자","합계",267815,28618,164135,71254,22321,48846,87,3808,0
"제주특별자치도","여자","0~4세",13319,7183,4925,1166,411,755,0,45,0
"제주특별자치도","여자","5~9세",14581,4306,8453,1736,436,1299,1,86,0
"제주특별자치도","여자","10~14세",19738,4474,12599,2561,686,1875,0,104,0
"제주특별자치도","여자","15~19세",18879,2969,12271,3434,1365,2058,11,205,0
"제주특별자치도","여자","20~24세",13165,1426,7481,3810,1543,2254,13,448,0
"제주특별자치도","여자","25~29세",16248,1176,9908,4792,1814,2965,13,372,0
"제주특별자치도","여자","30~34세",17553,893,10292,6143,2104,4035,4,225,0
"제주특별자치도","여자","35~39세",23102,957,13591,8307,2596,5710,1,247,0
"제주특별자치도","여자","40~44세",23282,1079,13675,8391,2844,5546,1,137,0
"제주특별자치도","여자","45~49세",20640,644,11992,7903,2320,5583,0,101,0
"제주특별자치도","여자","50~54세",19427,634,11032,7617,1853,5762,2,144,0
"제주특별자치도","여자","55~59세",13847,536,8445,4783,1145,3637,1,83,0
"제주특별자치도","여자","60~64세",12226,385,8255,3530,879,2650,1,56,0
"제주특별자치도","여자","65~69세",10942,487,7717,2336,630,1703,3,402,0
"제주특별자치도","여자","70~74세",10770,406,7919,1817,536,1278,3,628,0
"제주특별자치도","여자","75세 이상",20096,1063,15580,2928,1159,1736,33,525,0
